Id,Label,Latest_Party,Party_Term_14,Party_Term_15,Party_Term_16,All_Parties,Party_Changes_Count,Party_Stable,Total_Bills,Government_Bills,Private_Bills,Parliamentary_Years_Count,Parliamentary_Years,Terms_Count,Terms,Committees_Count,Committees
Riaz Fatyana,Riaz Fatyana,PTI,,PTI,,PTI,0,1,537,1,536,4,1;2;3;4,1,15,0,
Syed Fakhar Imam,Syed Fakhar Imam,PTI,,PTI,,PTI,0,1,465,2,463,3,1;2;4,1,15,0,
Amjid Ali Khan,Amjid Ali Khan,PTI,,PTI,,PTI,0,1,381,0,381,4,1;2;3;4,1,15,1,Cabinet Secretariat
Kishwer Zehra,Kishwer Zehra,MQM,MQM,MQM,,MQM,0,1,202,0,202,5,1;2;3;4;5,2,14;15,4,"Cabinet Secretariat;Interior and Narcotics Control;Law and Justice;Law, Justice and Human Rights"
Mian Najibuddin Awaisi,Mian Najibuddin Awaisi,PML-N,,PML-N,,PML-N,0,1,186,0,186,2,1;2,1,15,0,
Mohammad Ishaq Dar,Mohammad Ishaq Dar,IND,PML-N,IND,PML-N,IND;PML-N,1,0,144,144,0,5,1;2;3;4;5,3,14;15;16,1,"Finance, Revenue, Economic Affairs, Statistics and Privatization"
Nafeesa Inayatullah Khan Khattak,Nafeesa Inayatullah Khan Khattak,PTI,PTI,PTI,,PTI,0,1,134,0,134,5,1;2;3;4;5,2,14;15,4,Cabinet Secretariat;Federal Education and Professional Training;Interior and Narcotics Control;Parliamentary Affairs
Zaheer-ud-Din Babar Awan,Zaheer-ud-Din Babar Awan,PTI,,PTI,,PTI,0,1,114,113,1,3,2;3;4,1,15,0,
Iqbal Muhammad Ali Khan,Iqbal Muhammad Ali Khan,MQM,MQM,MQM,,MQM,0,1,108,0,108,5,1;2;3;4;5,2,14;15,2,"Interior and Narcotics Control;Law, Justice and Human Rights"
Syed Javed Hassnain,Syed Javed Hassnain,PML-N,,PML-N,,PML-N,0,1,100,0,100,5,1;2;3;4;5,1,15,1,Law and Justice
Zahid Hamid Khan,Zahid Hamid Khan,PML-N,PML-N,,,PML-N,0,1,90,90,0,3,3;4;5,1,14,1,Law and Justice
Shazia Marri,Shazia Marri,PPPP,PPPP,PPPP,PPPP,PPPP,0,1,89,4,85,5,1;2;3;4;5,3,14;15;16,1,Parliamentary Affairs
Dr. Nikhat Shakeel Khan,Dr. Nikhat Shakeel Khan,MQM,MQM,,,MQM,0,1,86,0,86,5,1;2;3;4;5,1,14,6,"Cabinet Secretariat;Human Rights;Interior and Narcotics Control;Law and Justice;Law, Justice and Human Rights;Parliamentary Affairs"
Muhammad Muzammil Qureshi,Muhammad Muzammil Qureshi,MQM,MQM,,,MQM,0,1,83,0,83,5,1;2;3;4;5,1,14,4,"Cabinet Secretariat;Human Rights;Interior and Narcotics Control;Law, Justice and Human Rights"
Mohsin Javed,Mohsin Javed,IND,,IND,,IND,0,1,82,0,82,5,1;2;3;4;5,1,15,0,
Sardar Ayaz Sadiq,Sardar Ayaz Sadiq,PML-N,,PML-N,,PML-N,0,1,81,5,76,3,2;3;5,1,15,0,
Shafqat Mehmood,Shafqat Mehmood,PTI,PTI,PTI,,PTI,0,1,81,78,3,4,1;2;3;4,2,14;15,1,Federal Education & Professional Training
Muhammad Farogh Nasim,Muhammad Farogh Nasim,MQM,,MQM,,MQM,0,1,79,79,0,4,1;2;3;4,1,15,0,
Ms. Nafisa Shah,Ms. Nafisa Shah,PPPP,PPPP,PPPP,,PPPP,0,1,75,0,75,5,1;2;3;4;5,2,14;15,5,"Cabinet Secretariat;Law and Justice;Law, Justice and Human Rights;National Health Services, Regulations and Coordination;Parliamentary Affairs"
Usama Qadri,Usama Qadri,MQM,,MQM,,MQM,0,1,74,0,74,5,1;2;3;4;5,1,15,1,Law and Justice
James Iqbal,James Iqbal,MMA,,MMA,,MMA,0,1,72,0,72,4,2;3;4;5,1,15,2,Interior and Narcotics Control;Law and Justice
Salah-ud-Din,Salah-ud-Din,MQM,,MQM,,MQM,0,1,71,0,71,3,1;2;5,1,15,0,
Uzma Riaz,Uzma Riaz,PTI,,PTI,,PTI,0,1,70,0,70,4,1;2;3;4,1,15,3,"Federal Education and Professional Training;Finance, Revenue, Economic Affairs, Statistics and Privatization;Parliamentary Affairs"
Rana Tanveer Hussain,Rana Tanveer Hussain,PML-N,PML-N,PML-N,PML-N,PML-N,0,1,69,67,2,4,1;3;4;5,3,14;15;16,2,Federal Education and Professional Training;Science and Technology
Mrs. Aliya Kamran,Mrs. Aliya Kamran,MMA,JUI,MMA,,JUI;MMA,1,0,66,0,66,5,1;2;3;4;5,2,14;15,3,"Defence;Interior and Narcotics Control;Law, Justice and Human Rights"
S. A. Iqbal Qadri,S. A. Iqbal Qadri,MQM,MQM,,,MQM,0,1,65,0,65,5,1;2;3;4;5,1,14,4,"Cabinet Secretariat;Interior and Narcotics Control;Law, Justice and Human Rights;Parliamentary Affairs"
Syed Naveed Qamar,Syed Naveed Qamar,PPPP,,PPPP,PPPP,PPPP,0,1,65,20,45,4,1;2;4;5,2,15;16,0,
Saman Sultana Jafri,Saman Sultana Jafri,MQM,MQM,,,MQM,0,1,64,0,64,5,1;2;3;4;5,1,14,4,"Human Rights;Interior and Narcotics Control;Law and Justice;Law, Justice and Human Rights"
Sheikh Aftab Ahmed,Sheikh Aftab Ahmed,PML-N,PML-N,,PML-N,PML-N,0,1,63,60,3,5,1;2;3;4;5,2,14;16,6,"Cabinet Secretariat;Defence;Finance, Revenue, Economic Affairs, Statistics and Privatization;Interior and Narcotics Control;Law, Justice and Human Rights;Parliamentary Affairs"
Engineer Sabir Hussain,Engineer Sabir Hussain,MQM,,MQM,,MQM,0,1,63,0,63,4,1;2;3;4,1,15,1,Communication
Dr. Abdul Hafeez Sheikh,Dr. Abdul Hafeez Sheikh,Minister,,Minister,,Minister,0,1,61,61,0,3,1;2;3,1,15,0,
Shaikh Salahuddin,Shaikh Salahuddin,MQM,MQM,,,MQM,0,1,60,0,60,5,1;2;3;4;5,1,14,3,"Human Rights;Interior and Narcotics Control;Law, Justice and Human Rights"
Azam Nazeer Tarar,Azam Nazeer Tarar,PML-N,,PML-N,PML-N,PML-N,0,1,59,59,0,3,1;4;5,2,15;16,3,Interior and Narcotics Control;Law and Justice;Parliamentary Affairs
Asad Umar,Asad Umar,PTI,PTI,PTI,,PTI,0,1,54,36,18,5,1;2;3;4;5,2,14;15,3,Cabinet Secretariat;Interior and Narcotics Control;Planning and Development
Khawaja Muhammad Asif,Khawaja Muhammad Asif,PML-N,PML-N,PML-N,PML-N,PML-N,0,1,53,37,16,5,1;2;3;4;5,3,14;15;16,3,Committee Name;Defence;Water and Power
Syed Rafiullah,Syed Rafiullah,PPPP,,PPPP,PPPP,PPPP,0,1,52,0,52,4,1;2;3;4,2,15;16,0,
Dr. Shireen Mehrunnisa Mazari,Dr. Shireen Mehrunnisa Mazari,PTI,PTI,PTI,,PTI,0,1,51,38,13,4,1;2;3;4,2,14;15,2,Foreign Affairs;Parliamentary Affairs
Shaza Fatima Khawaja,Shaza Fatima Khawaja,PML-N,PML-N,PML-N,PML-N,PML-N,0,1,51,4,47,5,1;2;3;4;5,3,14;15;16,0,
Qadir Khan Mandokhail,Qadir Khan Mandokhail,PPPP,,PPPP,,PPPP,0,1,49,0,49,2,4;5,1,15,2,Cabinet Secretariat;Law and Justice
Khurram Dastgir Khan,Khurram Dastgir Khan,PML-N,PML-N,PML-N,,PML-N,0,1,49,26,23,4,2;3;4;5,2,14;15,0,
Sajida Begum,Sajida Begum,PTI,PTI,PTI,,PTI,0,1,49,0,49,5,1;2;3;4;5,2,14;15,1,Commerce
Naveed Aamir,Naveed Aamir,PPPP,,PPPP,,PPPP,0,1,48,0,48,5,1;2;3;4;5,1,15,1,Interior and Narcotics Control
Dr. Fouzia Hameed,Dr. Fouzia Hameed,MQM,MQM,,,MQM,0,1,47,0,47,3,3;4;5,1,14,2,Human Rights;Law and Justice
Ijaz Ahmad Shah,Ijaz Ahmad Shah,PTI,,PTI,,PTI,0,1,47,46,1,3,1;2;3,1,15,0,
Pervaiz Rashid,Pervaiz Rashid,PML-N,PML-N,,,PML-N,0,1,46,46,0,3,1;2;3,1,14,5,"Finance, Revenue, Economic Affairs, Statistics and Privatization;Interior and Narcotics Control;Law, Justice and Human Rights;National Health Services, Regulations and Coordination;Petroleum and Natural Resources"
Kesoo Mal Kheeal Das,Kesoo Mal Kheeal Das,PML-N,,PML-N,,PML-N,0,1,45,0,45,5,1;2;3;4;5,1,15,1,Cabinet Secretariat
Mrs. Shahida Rehmani,Mrs. Shahida Rehmani,PPPP,PPPP,PPPP,,PPPP,0,1,43,0,43,5,1;2;3;4;5,2,14;15,3,Committee of Whole;Interior;Religious Affairs and Inter-faith Harmony
Moulana Abdul Akbar Chitrali,Moulana Abdul Akbar Chitrali,MMA,,MMA,,MMA,0,1,43,0,43,5,1;2;3;4;5,1,15,1,Interior and Narcotics Control
Dr. Ramesh Kumar Vankwani,Dr. Ramesh Kumar Vankwani,PTI,PML-N,PTI,,PML-N;PTI,1,0,41,0,41,5,1;2;3;4;5,2,14;15,1,"Law, Justice and Human Rights"
Muhammad Jamal Ud Din,Muhammad Jamal Ud Din,MMA,JUI,MMA,,JUI;MMA,1,0,40,0,40,3,3;4;5,2,14;15,1,"Law, Justice and Human Rights"
Ali Muhammad Khan,Ali Muhammad Khan,PTI,PTI,PTI,,PTI,0,1,37,31,6,4,1;2;3;4,2,14;15,0,
Sajid Ahmed,Sajid Ahmed,MQM,MQM,,,MQM,0,1,37,0,37,5,1;2;3;4;5,1,14,3,"Interior and Narcotics Control;Law, Justice and Human Rights;Parliamentary Affairs"
Naeema Kishwar Khan,Naeema Kishwar Khan,JUI,JUI,,,JUI,0,1,37,0,37,5,1;2;3;4;5,1,14,1,"Law, Justice and Human Rights"
Shaukat Fayaz Ahmed Tarin,Shaukat Fayaz Ahmed Tarin,PTI,,PTI,,PTI,0,1,37,37,0,2,3;4,1,15,0,
Marriyum Aurangzeb,Marriyum Aurangzeb,PML-N,PML-N,PML-N,,PML-N,0,1,36,17,19,5,1;2;3;4;5,2,14;15,0,
Syed Amin ul Haque,Syed Amin ul Haque,MQM,,MQM,,MQM,0,1,36,4,32,3,1;2;4,1,15,0,
Tahira Aurangzeb,Tahira Aurangzeb,PML-N,PML-N,PML-N,,PML-N,0,1,36,0,36,4,1;3;4;5,2,14;15,2,Cabinet Secretariat;Interior
Mohsin Shah Nawaz Ranjha,Mohsin Shah Nawaz Ranjha,PML-N,,PML-N,,PML-N,0,1,35,0,35,2,2;3,1,15,0,
Noor Alam Khan,Noor Alam Khan,PTI,,PTI,JUIP,JUIP;PTI,1,0,35,0,35,3,1;2;4,2,15;16,1,Law and Justice
Sher Akbar Khan,Sher Akbar Khan,JI,JI,PTI,,JI;PTI,1,0,35,0,35,5,1;2;3;4;5,2,14;15,4,"Information, Broadcasting and National Heritage;Interior and Narcotics Control;Law, Justice and Human Rights;Religious Affairs and Inter-faith Harmony"
Surriya Asghar,Surriya Asghar,PML-N,PML-N,,,PML-N,0,1,35,0,35,3,1;4;5,1,14,1,Interior and Narcotics Control
Abdul Waseem,Abdul Waseem,MQM,MQM,,,MQM,0,1,34,0,34,5,1;2;3;4;5,1,14,3,"Cabinet Secretariat;Interior and Narcotics Control;Law, Justice and Human Rights"
Sanjay Perwani,Sanjay Perwani,MQM,MQM,,,MQM,0,1,34,0,34,5,1;2;3;4;5,1,14,1,"Law, Justice and Human Rights"
Dr. Azra Fazal Pecheho,Dr. Azra Fazal Pecheho,PPPP,PPPP,,,PPPP,0,1,34,0,34,3,1;2;4,1,14,4,"Cabinet Secretariat;Law, Justice and Human Rights;National Health Services, Regulations and Coordination;Parliamentary Affairs"
Asiya Azeem,Asiya Azeem,PTI,,PTI,,PTI,0,1,33,0,33,1,5,1,15,0,
Pervaiz Khattak,Pervaiz Khattak,PTI,,PTI,,PTI,0,1,32,32,0,3,2;3;4,1,15,1,Defence
Raja Pervez Ashraf,Raja Pervez Ashraf,PPPP,,PPPP,,PPPP,0,1,32,0,32,2,1;2,1,15,0,
Dr. Khalid Maqbool Siddiqui,Dr. Khalid Maqbool Siddiqui,MQM,MQM,MQM,MQM,MQM,0,1,31,5,26,5,1;2;3;4;5,3,14;15;16,3,Cabinet Secretariat;Interior and Narcotics Control;Law and Justice
Ch. Nisar Ali Khan,Ch. Nisar Ali Khan,PML-N,PML-N,,,PML-N,0,1,30,30,0,4,1;2;3;4,1,14,1,Interior and Narcotics Control
Rana Sana Ullah Khan,Rana Sana Ullah Khan,PML-N,,PML-N,,PML-N,0,1,29,8,21,4,1;2;3;5,1,15,0,
Nusrat Wahid,Nusrat Wahid,PTI,,PTI,,PTI,0,1,28,0,28,3,2;3;4,1,15,1,Interior and Narcotics Control
Shaista Pervaiz,Shaista Pervaiz,PML-N,PML-N,PML-N,PML-N,PML-N,0,1,28,0,28,5,1;2;3;4;5,3,14;15;16,4,"Interior and Narcotics Control;Law, Justice and Human Rights;National Health Services, Regulations and Coordination;Religious Affairs and Inter-faith Harmony"
Aisha Syed,Aisha Syed,JI,JI,,,JI,0,1,28,0,28,5,1;2;3;4;5,1,14,3,"Information, Broadcasting and National Heritage;Interior and Narcotics Control;Religious Affairs and Inter-faith Harmony"
Sheikh Rasheed Ahmad,Sheikh Rasheed Ahmad,AMLP,AMLP,AMLP,,AMLP,0,1,28,26,2,2,3;4,2,14;15,0,
Sufyan Yousuf,Sufyan Yousuf,MQM,MQM,,,MQM,0,1,27,0,27,4,1;2;3;4,1,14,4,"Cabinet Secretariat;Interior and Narcotics Control;Law, Justice and Human Rights;Parliamentary Affairs"
Murtaza Javed Abbasi,Murtaza Javed Abbasi,PML-N,,PML-N,,PML-N,0,1,27,24,3,3,1;4;5,1,15,1,Parliamentary Affairs
Syed Ali Raza Abidi,Syed Ali Raza Abidi,MQM,MQM,,,MQM,0,1,27,0,27,4,1;3;4;5,1,14,1,"Law, Justice and Human Rights"
Sahibzada Tariq Ullah,Sahibzada Tariq Ullah,JI,JI,,,JI,0,1,27,0,27,5,1;2;3;4;5,1,14,4,"Information, Broadcasting and National Heritage;Interior and Narcotics Control;Law, Justice and Human Rights;Religious Affairs and Inter-faith Harmony"
Syed Naveed Qammar,Syed Naveed Qammar,PPPP,PPPP,,,PPPP,0,1,26,0,26,2,2;5,1,14,0,
Sahib Zada Muhammad Yaqub,Sahib Zada Muhammad Yaqub,JI,JI,,,JI,0,1,26,0,26,5,1;2;3;4;5,1,14,3,"Information, Broadcasting and National Heritage;Interior and Narcotics Control;Religious Affairs and Inter-faith Harmony"
Khawaja Saad Rafique,Khawaja Saad Rafique,PML-N,,PML-N,,PML-N,0,1,25,10,15,4,2;3;4;5,1,15,0,
Salah Ud Din Ayubi,Salah Ud Din Ayubi,MMA,,MMA,,MMA,0,1,24,0,24,4,1;2;3;5,1,15,0,
Zahra Wadood Fatemi,Zahra Wadood Fatemi,PML-N,PML-N,PML-N,,PML-N,0,1,24,0,24,3,2;4;5,2,14;15,0,
Abdul Qadir Patel,Abdul Qadir Patel,PPPP,,PPPP,PPPP,PPPP,0,1,23,4,19,5,1;2;3;4;5,2,15;16,0,
Jam Abdul Karim Bijar,Jam Abdul Karim Bijar,PPPP,,PPPP,,PPPP,0,1,23,1,22,4,2;3;4;5,1,15,0,
Muhammad Baleegh-ur-Rehman,Muhammad Baleegh-ur-Rehman,PML-N,PML-N,,,PML-N,0,1,23,23,0,4,2;3;4;5,1,14,0,
Muhammad Hammad Azhar,Muhammad Hammad Azhar,PTI,,PTI,,PTI,0,1,23,23,0,4,1;2;3;4,1,15,1,Water and Power
Marvi Memon,Marvi Memon,PML-N,PML-N,,,PML-N,0,1,23,0,23,3,1;4;5,1,14,4,"Cabinet Secretariat;Interior and Narcotics Control;Law, Justice and Human Rights;Religious Affairs and Inter-faith Harmony"
Dr. Zulfiqar Ali Bhatti,Dr. Zulfiqar Ali Bhatti,PML-N,,PML-N,,PML-N,0,1,23,0,23,1,5,1,15,0,
Jamshaid Ahmad Dasti,Jamshaid Ahmad Dasti,IND,IND,,,IND,0,1,22,0,22,4,1;2;3;4,1,14,0,
Makhdoom Shah Mahmood Qureshi,Makhdoom Shah Mahmood Qureshi,PTI,PTI,PTI,,PTI,0,1,22,12,10,4,1;2;3;4,2,14;15,0,
Nooreen Farooq Khan,Nooreen Farooq Khan,PTI,,PTI,,PTI,0,1,22,0,22,3,2;3;4,1,15,0,
Mohammad Ayaz Soomro,Mohammad Ayaz Soomro,PPPP,PPPP,,,PPPP,0,1,22,0,22,4,1;2;3;4,1,14,2,"Interior and Narcotics Control;Law, Justice and Human Rights"
Noor-ul-Haq Qadri,Noor-ul-Haq Qadri,PTI,,PTI,,PTI,0,1,22,22,0,3,2;3;4,1,15,0,
Mehboob Alam,Mehboob Alam,MQM,MQM,,,MQM,0,1,21,0,21,5,1;2;3;4;5,1,14,1,"Law, Justice and Human Rights"
Syed Waseem Hussain,Syed Waseem Hussain,MQM,MQM,,,MQM,0,1,21,0,21,5,1;2;3;4;5,1,14,3,"Cabinet Secretariat;Interior and Narcotics Control;Law, Justice and Human Rights"
Asma Hadeed,Asma Hadeed,PTI,,PTI,,PTI,0,1,21,0,21,2,2;4,1,15,1,Interior
Syed Mohsin Raza Naqvi,Syed Mohsin Raza Naqvi,IND,,,IND,IND,0,1,21,21,0,1,1,1,16,0,
Wajiha Akram,Wajiha Akram,PTI,,PTI,,PTI,0,1,21,0,21,1,5,1,15,0,
Mehnaz Akber Aziz,Mehnaz Akber Aziz,PML-N,,PML-N,,PML-N,0,1,21,1,20,4,1;2;3;4,1,15,1,Law and Justice
Ahsan Iqbal,Ahsan Iqbal,PML-N,PML-N,PML-N,,PML-N,0,1,20,16,4,4,1;3;4;5,2,14;15,0,
Shahid Khaqan Abbasi,Shahid Khaqan Abbasi,PML-N,PML-N,PML-N,,PML-N,0,1,20,4,16,2,2;3,2,14;15,0,
Romina Khurshid Alam,Romina Khurshid Alam,PML-N,PML-N,PML-N,PML-N,PML-N,0,1,19,0,19,3,1;3;4,3,14;15;16,3,"Federal Education and Professional Training;Interior;Law, Justice and Human Rights"
Ali Nawaz Awan,Ali Nawaz Awan,PTI,,PTI,,PTI,0,1,19,0,19,4,1;2;3;4,1,15,0,
Mohammad Salman Khan Baloch,Mohammad Salman Khan Baloch,MQM,MQM,,,MQM,0,1,19,0,19,4,1;2;4;5,1,14,2,"Interior and Narcotics Control;Law, Justice and Human Rights"
Muhammad Aslam Khan,Muhammad Aslam Khan,PTI,,PTI,,PTI,0,1,19,0,19,2,3;4,1,15,2,"Information, Broadcasting and National Heritage;Interior and Narcotics Control"
Rana Muhammad Qasim Noon,Rana Muhammad Qasim Noon,PTI,PML-N,PTI,PML-N,PML-N;PTI,1,0,18,0,18,5,1;2;3;4;5,3,14;15;16,0,
Shahida Akhtar Ali,Shahida Akhtar Ali,JUI,JUI,MMA,,JUI;MMA,1,0,18,0,18,4,1;2;3;4,2,14;15,3,"Defence;Interior and Narcotics Control;Law, Justice and Human Rights"
Munaza Hassan,Munaza Hassan,PTI,PTI,PTI,IPP,IPP;PTI,1,0,18,0,18,3,1;2;3,3,14;15;16,3,"Cabinet Secretariat;Law, Justice and Human Rights;Parliamentary Affairs"
Ali Gohar Khan,Ali Gohar Khan,PML-N,,PML-N,,PML-N,0,1,17,0,17,3,3;4;5,1,15,0,
Mohammad Aslam Bhootani,Mohammad Aslam Bhootani,IND,,IND,,IND,0,1,17,0,17,2,4;5,1,15,0,
Sher Ali Arbab,Sher Ali Arbab,PTI,,PTI,,PTI,0,1,17,0,17,2,3;4,1,15,1,Interior and Narcotics Control
Faheem Khan,Faheem Khan,PTI,,PTI,,PTI,0,1,17,0,17,4,1;2;3;4,1,15,1,Interior and Narcotics Control
Dr. Muhammad Farooq Sattar,Dr. Muhammad Farooq Sattar,MQM,MQM,,MQM,MQM,0,1,16,0,16,4,1;3;4;5,2,14;16,2,"Interior and Narcotics Control;Law, Justice and Human Rights"
Aasiya Nasir,Aasiya Nasir,JUI,JUI,,,JUI,0,1,16,0,16,5,1;2;3;4;5,1,14,5,"Defence;Human Rights;Information Technology and Telecommunication;Interior and Narcotics Control;Law, Justice and Human Rights"
Faiz Ullah,Faiz Ullah,PTI,,PTI,,PTI,0,1,16,0,16,2,2;3,1,15,0,
Mrs. Mahreen Razaque Bhutto,Mrs. Mahreen Razaque Bhutto,PPPP,,PPPP,,PPPP,0,1,16,0,16,3,3;4;5,1,15,0,
Asiya Naz Tanoli,Asiya Naz Tanoli,PML-N,PML-N,,,PML-N,0,1,15,0,15,4,1;3;4;5,1,14,2,"Law, Justice and Human Rights;Religious Affairs and Inter-faith Harmony"
Samina Matloob,Samina Matloob,PML-N,,PML-N,,PML-N,0,1,15,0,15,2,2;5,1,15,0,
Rana Muhammad Afzal Khan,Rana Muhammad Afzal Khan,PML-N,PML-N,,,PML-N,0,1,15,15,0,1,5,1,14,0,
Sharmila Sahiba Faruqui Hashaam,Sharmila Sahiba Faruqui Hashaam,PPPP,,,PPPP,PPPP,0,1,15,0,15,1,1,1,16,0,
Raja Khurram Shahzad Nawaz,Raja Khurram Shahzad Nawaz,PTI,,PTI,,PTI,0,1,14,0,14,3,2;3;4,1,15,0,
Imran Khattak,Imran Khattak,PTI,PTI,PTI,,PTI,0,1,14,0,14,4,1;2;3;5,2,14;15,1,Parliamentary Affairs
Shahadat Awan,Shahadat Awan,PPPP,,PPPP,,PPPP,0,1,14,14,0,2,4;5,1,15,0,
Musadik Masood Malik,Musadik Masood Malik,IND,,IND,,IND,0,1,13,13,0,1,5,1,15,0,
Choudhary Faqir Ahmad,Choudhary Faqir Ahmad,PML-N,,PML-N,,PML-N,0,1,13,0,13,3,2;4;5,1,15,2,"Interior;National Health Services, Regulations and Coordination"
Maj. Retd. Tahir Iqbal,Maj. Retd. Tahir Iqbal,PML-N,PML-N,,,PML-N,0,1,13,0,13,2,1;4,1,14,2,Cabinet Secretariat;Religious Affairs and Inter-faith Harmony
Syed Asif Hasnain,Syed Asif Hasnain,MQM,MQM,,,MQM,0,1,12,0,12,4,1;2;3;4,1,14,2,"Interior and Narcotics Control;Law, Justice and Human Rights"
Malik Muhammad Aamir Dogar,Malik Muhammad Aamir Dogar,IND,IND,PTI,,IND;PTI,1,0,12,0,12,4,1;3;4;5,2,14;15,0,
Junaid Akbar,Junaid Akbar,PTI,PTI,PTI,,PTI,0,1,11,0,11,2,2;3,2,14;15,0,
Mrs. Belum Hasnain,Mrs. Belum Hasnain,PPPP,PPPP,,,PPPP,0,1,11,0,11,4,2;3;4;5,1,14,1,Cabinet Secretariat
Muhammad Sana Ullah Khan Masti Khel,Muhammad Sana Ullah Khan Masti Khel,PTI,,PTI,,PTI,0,1,11,0,11,3,1;2;3,1,15,0,
Ali Khan Jadoon,Ali Khan Jadoon,PTI,,PTI,,PTI,0,1,11,0,11,3,1;2;3,1,15,0,
Dr. Shazia Sobia,Dr. Shazia Sobia,PPPP,PPPP,PPPP,,PPPP,0,1,11,0,11,2,1;4,2,14;15,0,
Jai Parkash,Jai Parkash,PTI,,PTI,,PTI,0,1,11,0,11,2,3;4,1,15,1,Law and Justice
Rana Iradat Sharif Khan,Rana Iradat Sharif Khan,PML-N,,PML-N,,PML-N,0,1,11,0,11,2,1;4,1,15,1,Parliamentary Affairs
Dr. Arif Alvi,Dr. Arif Alvi,PTI,PTI,,,PTI,0,1,11,0,11,3,1;2;3,1,14,1,Parliamentary Affairs
Muhammad Rehan Hashmi,Muhammad Rehan Hashmi,MQM,MQM,,,MQM,0,1,10,0,10,2,1;2,1,14,3,"Cabinet Secretariat;Interior and Narcotics Control;Law, Justice and Human Rights"
Muhammad Azam Khan Swati,Muhammad Azam Khan Swati,PTI,,PTI,,PTI,0,1,10,9,1,3,1;2;3,1,15,0,
Sajid Hussain Turi,Sajid Hussain Turi,PPPP,IND,PPPP,,IND;PPPP,1,0,10,8,2,2,3;5,2,14;15,0,
Naveed Amir,Naveed Amir,PPPP,,,PPPP,PPPP,0,1,9,0,9,1,1,1,16,0,
Mr. Kamran Michael,Mr. Kamran Michael,PML-N,PML-N,,,PML-N,0,1,9,9,0,2,4;5,1,14,1,Human Rights
Abdul Rashid Godil,Abdul Rashid Godil,MQM,MQM,,,MQM,0,1,9,0,9,2,1;2,1,14,3,"Cabinet Secretariat;Interior and Narcotics Control;Law, Justice and Human Rights"
Muhammad Kamal Malik,Muhammad Kamal Malik,MQM,MQM,,,MQM,0,1,9,0,9,3,3;4;5,1,14,0,
Qaisar Ahmad Sheikh,Qaisar Ahmad Sheikh,PML-N,PML-N,PML-N,,PML-N,0,1,9,0,9,4,1;3;4;5,2,14;15,3,"Education;Interior and Narcotics Control;Law, Justice and Human Rights"
Aamer Mehmood Kiyani,Aamer Mehmood Kiyani,PTI,,PTI,,PTI,0,1,9,8,1,2,1;3,1,15,0,
Shandana Gulzar Khan,Shandana Gulzar Khan,PTI,,PTI,,PTI,0,1,9,0,9,2,2;4,1,15,2,Cabinet Secretariat;Interior and Narcotics Control
Rai Muhammad Murtaza Iqbal,Rai Muhammad Murtaza Iqbal,PTI,,PTI,,PTI,0,1,9,0,9,3,1;2;3,1,15,0,
Muhammad Mian Soomro,Muhammad Mian Soomro,PTI,,PTI,,PTI,0,1,9,9,0,2,2;3,1,15,0,
Ameer Zaman,Ameer Zaman,JUI,JUI,,,JUI,0,1,9,0,9,3,1;2;3,1,14,1,"Law, Justice and Human Rights"
Zubaida Jalal,Zubaida Jalal,BAP,,BAP,,BAP,0,1,9,6,3,3,1;3;5,1,15,0,
Mumtaz Ahmad Tarar,Mumtaz Ahmad Tarar,PML-N,PML-N,,,PML-N,0,1,9,8,1,2,3;5,1,14,0,
Sohail Sultan,Sohail Sultan,SIC,,,SIC,SIC,0,1,9,0,9,1,1,1,16,0,
Aftab Jehangir,Aftab Jehangir,PTI,,PTI,,PTI,0,1,8,0,8,1,1,1,15,0,
Muhammad Talha Mehmood,Muhammad Talha Mehmood,JUI-F,,JUI-F,,JUI-F,0,1,8,8,0,1,5,1,15,0,
Fauzia Behram,Fauzia Behram,PTI,,PTI,,PTI,0,1,8,0,8,2,2;4,1,15,1,Interior
Abdul Shakoor,Abdul Shakoor,MMA,,MMA,,MMA,0,1,8,5,3,4,1;2;3;5,1,15,0,
Siraj Muhammad Khan,Siraj Muhammad Khan,PTI,PTI,,,PTI,0,1,8,0,8,4,1;3;4;5,1,14,1,Interior and Narcotics Control
Abdul Qadir Baloch,Abdul Qadir Baloch,PML-N,PML-N,,,PML-N,0,1,8,8,0,2,4;5,1,14,2,Law and Justice;States and Frontier Regions
Dr. Seemin Abdul Rehman Bokhari,Dr. Seemin Abdul Rehman Bokhari,PTI,,PTI,,PTI,0,1,8,0,8,2,2;4,1,15,1,Interior
Ch. Tariq Bashir Cheema,Ch. Tariq Bashir Cheema,PML,,PML,,PML,0,1,8,8,0,3,1;2;5,1,15,0,
Seema Mohiuddin Jameeli,Seema Mohiuddin Jameeli,PML-N,PML-N,PML-N,,PML-N,0,1,7,0,7,4,1;2;4;5,2,14;15,1,Interior and Narcotics Control
Syed Hussain Tariq,Syed Hussain Tariq,PPPP,,PPPP,,PPPP,0,1,7,0,7,1,4,1,15,1,Law and Justice
Saira Afzal Tarar,Saira Afzal Tarar,PML-N,PML-N,,,PML-N,0,1,7,7,0,3,2;3;5,1,14,1,"National Health Services, Regulations and Coordination"
Kiran Imran,Kiran Imran,PML-N,,PML-N,,PML-N,0,1,7,0,7,1,4,1,15,1,Interior
Parveen Masood Bhatti,Parveen Masood Bhatti,PML-N,PML-N,,,PML-N,0,1,7,0,7,3,1;4;5,1,14,1,Interior and Narcotics Control
Babar Nawaz Khan,Babar Nawaz Khan,PML-N,PML-N,,,PML-N,0,1,7,0,7,2,4;5,1,14,0,
Anusha Rahman Ahmad Khan,Anusha Rahman Ahmad Khan,PML-N,PML-N,,,PML-N,0,1,7,7,0,3,2;3;4,1,14,0,
Kanwar Naveed Jamil,Kanwar Naveed Jamil,MQM,MQM,,,MQM,0,1,7,0,7,3,3;4;5,1,14,0,
Ramesh Lal,Ramesh Lal,PPPP,PPPP,PPPP,PPPP,PPPP,0,1,7,0,7,1,1,3,14;15;16,1,"Law, Justice and Human Rights"
Dr. Muhammad Afzal Khan Dhandla,Dr. Muhammad Afzal Khan Dhandla,PTI,,PTI,,PTI,0,1,7,0,7,3,1;4;5,1,15,1,"National Health Services, Regulations and Coordination"
Rao Muhammad Ajmal Khan,Rao Muhammad Ajmal Khan,PML-N,,PML-N,,PML-N,0,1,7,0,7,1,4,1,15,1,Interior
Zartaj Gull,Zartaj Gull,PTI,,PTI,,PTI,0,1,6,6,0,3,2;3;4,1,15,0,
Haider Ali,Haider Ali,PTI,,PTI,,PTI,0,1,6,0,6,3,1;2;3,1,15,0,
Nawab Muhammad Yousuf Talpur,Nawab Muhammad Yousuf Talpur,PPPP,PPPP,PPPP,,PPPP,0,1,6,0,6,2,1;2,2,14;15,1,"Law, Justice and Human Rights"
Asad Mehmood,Asad Mehmood,MMA,,MMA,,MMA,0,1,6,6,0,1,4,1,15,0,
Muhammad Pervaiz Malik,Muhammad Pervaiz Malik,PML-N,PML-N,,,PML-N,0,1,6,4,2,2,1;5,1,14,2,"Law, Justice and Human Rights;Religious Affairs and Inter-faith Harmony"
Fawad Ahmed,Fawad Ahmed,PTI,,PTI,,PTI,0,1,6,6,0,3,1;2;3,1,15,0,
Ghulam Sarwar Khan,Ghulam Sarwar Khan,PTI,PTI,PTI,,PTI,0,1,6,5,1,2,1;3,2,14;15,1,Parliamentary Affairs
Sahibzada Sibghatullah,Sahibzada Sibghatullah,SIC,,,SIC,SIC,0,1,6,0,6,1,1,1,16,1,Law and Justice
Farrukh Khan,Farrukh Khan,PML,,PML,,PML,0,1,6,0,6,2,4;5,1,15,0,
Agha Hassan Baloch,Agha Hassan Baloch,BNP-M,,BNP-M,,BNP-M,0,1,6,2,4,3,2;3;4,1,15,0,
Bilal Azhar Kayani,Bilal Azhar Kayani,PML-N,,,PML-N,PML-N,0,1,6,0,6,1,1,1,16,0,
Shahida Rehmani,Shahida Rehmani,PPPP,,,PPPP,PPPP,0,1,6,0,6,1,1,1,16,0,
Syed Ali Haider Zaidi,Syed Ali Haider Zaidi,PTI,,PTI,,PTI,0,1,6,6,0,2,2;3,1,15,0,
Umar Ayub Khan,Umar Ayub Khan,PTI,PML-N,PTI,,PML-N;PTI,1,0,6,3,3,2,2;3,2,14;15,1,"Law, Justice and Human Rights"
Ch. Mahmood Bashir Virk,Ch. Mahmood Bashir Virk,PML-N,PML-N,,,PML-N,0,1,6,6,0,1,5,1,14,0,
Muhammad Raza Hayat Hiraj,Muhammad Raza Hayat Hiraj,PML-N,PML-N,,,PML-N,0,1,6,0,6,1,2,1,14,1,"Law, Justice and Human Rights"
Miftah Ismail,Miftah Ismail,PML-N,,PML-N,,PML-N,0,1,5,5,0,1,4,1,15,0,
Mohammad Khan Sherani,Mohammad Khan Sherani,JUI,JUI,,,JUI,0,1,5,0,5,2,1;2,1,14,1,"Law, Justice and Human Rights"
Khalid Hussain Magsi,Khalid Hussain Magsi,BAP,PML-N,BAP,,BAP;PML-N,1,0,5,0,5,2,1;3,2,14;15,1,"Law, Justice and Human Rights"
Ghous Bux Khan Mahar,Ghous Bux Khan Mahar,GDA,PML-F,GDA,,GDA;PML-F,1,0,5,0,5,3,2;4;5,2,14;15,1,"Law, Justice and Human Rights"
Agha Muhammad,Agha Muhammad,JUI,JUI,,,JUI,0,1,5,0,5,4,1;2;3;5,1,14,1,"Law, Justice and Human Rights"
Ghulam Bibi Bharwana,Ghulam Bibi Bharwana,PTI,,PTI,,PTI,0,1,5,0,5,1,2,1,15,0,
Syed Khursheed Ahmed Shah,Syed Khursheed Ahmed Shah,PPPP,,PPPP,PPPP,PPPP,0,1,5,1,4,2,1;5,2,15;16,0,
Sadaqat Ali Khan,Sadaqat Ali Khan,PTI,,PTI,,PTI,0,1,5,0,5,1,2,1,15,0,
Syed Mehmood Shah,Syed Mehmood Shah,MMA,,MMA,,MMA,0,1,5,0,5,3,1;2;3,1,15,0,
Awais Ahmad Khan Leghari,Awais Ahmad Khan Leghari,PML-N,PML-N,,,PML-N,0,1,5,4,1,2,1;5,1,14,0,
Ch. Muhammad Ashraf,Ch. Muhammad Ashraf,PML-N,,PML-N,,PML-N,0,1,5,0,5,2,1;5,1,15,0,
Bhawan Das,Bhawan Das,PML-N,PML-N,,,PML-N,0,1,5,0,5,3,1;3;5,1,14,2,"Interior and Narcotics Control;Law, Justice and Human Rights"
Amirullah,Amirullah,PTI,PTI,,,PTI,0,1,5,0,5,2,2;3,1,14,0,
Rai Hasan Nawaz Khan,Rai Hasan Nawaz Khan,PTI,PTI,,,PTI,0,1,5,0,5,2,2;3,1,14,0,
Atta Ullah,Atta Ullah,PTI,,PTI,,PTI,0,1,5,0,5,2,2;3,1,15,0,
Aaisha Gulalai,Aaisha Gulalai,PTI,PTI,,,PTI,0,1,5,0,5,3,2;3;5,1,14,0,
Sardar Muhammad Irfan Dogar,Sardar Muhammad Irfan Dogar,PML-N,,PML-N,,PML-N,0,1,5,0,5,2,1;2,1,15,0,
Muhammad Aurangzeb,Muhammad Aurangzeb,PML-N,,,PML-N,PML-N,0,1,5,5,0,1,1,1,16,1,"Finance, Revenue, Economic Affairs, Statistics and Privatization"
Farhana Qamar,Farhana Qamar,PML-N,PML-N,,,PML-N,0,1,5,0,5,3,1;3;4,1,14,3,Cabinet Secretariat;Information Technology and Telecommunication;Interior and Narcotics Control
Isphanyar M. Bhandara,Isphanyar M. Bhandara,PML-N,PML-N,,,PML-N,0,1,5,0,5,3,1;2;3,1,14,2,"Interior and Narcotics Control;Law, Justice and Human Rights"
Saleh Muhammad,Saleh Muhammad,PTI,,PTI,,PTI,0,1,5,0,5,1,1,1,15,0,
Shahnaz Saleem Malik,Shahnaz Saleem Malik,PML-N,PML-N,,,PML-N,0,1,5,0,5,1,5,1,14,0,
Nausheen Hamid,Nausheen Hamid,PTI,,PTI,,PTI,0,1,5,5,0,2,1;2,1,15,0,
Muhammad Safdar,Muhammad Safdar,PML-N,PML-N,,,PML-N,0,1,4,0,4,2,1;4,1,14,2,"Interior and Narcotics Control;Law, Justice and Human Rights"
Shahab-ud-Din Khan,Shahab-ud-Din Khan,PML-N,PML-N,,,PML-N,0,1,4,0,4,2,1;3,1,14,2,"Interior and Narcotics Control;Law, Justice and Human Rights"
Mussarat Ahmadzeb,Mussarat Ahmadzeb,PTI,PTI,,,PTI,0,1,4,0,4,2,4;5,1,14,0,
Zeb Jaffar,Zeb Jaffar,PML-N,,,PML-N,PML-N,0,1,4,0,4,1,1,1,16,0,
Asia Naz Tanoli,Asia Naz Tanoli,PML-N,,,PML-N,PML-N,0,1,4,0,4,1,1,1,16,0,
Kiran Haider,Kiran Haider,PML-N,PML-N,,,PML-N,0,1,4,0,4,2,1;4,1,14,2,"Interior and Narcotics Control;Law, Justice and Human Rights"
Mehboob Shah,Mehboob Shah,PTI,,PTI,,PTI,0,1,4,0,4,1,2,1,15,0,
Imran Khan,Imran Khan,PTI,PTI,PTI,,PTI,0,1,4,0,4,1,2,2,14;15,0,
Begum Tahira Bukhari,Begum Tahira Bukhari,PML-N,PML-N,,,PML-N,0,1,4,0,4,2,1;4,1,14,2,"Interior and Narcotics Control;Law, Justice and Human Rights"
Makhdoom Khusro Bakhtiar,Makhdoom Khusro Bakhtiar,PTI,PML-N,PTI,,PML-N;PTI,1,0,4,2,2,2,1;2,2,14;15,2,"Interior and Narcotics Control;Law, Justice and Human Rights"
Syed Iftikhar Ul Hassan,Syed Iftikhar Ul Hassan,PML-N,,PML-N,,PML-N,0,1,4,0,4,1,2,1,15,0,
Rana Mubashir lqbal,Rana Mubashir lqbal,PML-N,,PML-N,,PML-N,0,1,4,0,4,1,2,1,15,0,
Zahid Akram Durani,Zahid Akram Durani,MMA,,MMA,,MMA,0,1,4,0,4,3,1;2;3,1,15,0,
Shunila Ruth,Shunila Ruth,PTI,,PTI,,PTI,0,1,4,0,4,2,1;2,1,15,0,
Noor Ul Hassan Tanvir,Noor Ul Hassan Tanvir,PML-N,,PML-N,,PML-N,0,1,4,0,4,1,5,1,15,0,
Muhammad Gohar Shah,Muhammad Gohar Shah,JUI,JUI,,,JUI,0,1,4,0,4,3,1;3;5,1,14,1,"Law, Justice and Human Rights"
Murad Saeed,Murad Saeed,PTI,PTI,PTI,,PTI,0,1,4,1,3,2,2;3,2,14;15,1,Cabinet Secretariat
Zille Huma,Zille Huma,PTI,,PTI,,PTI,0,1,4,0,4,1,2,1,15,0,
Sofia Saeed Shah,Sofia Saeed Shah,MQM,,,MQM,MQM,0,1,4,0,4,1,1,1,16,0,
Qaisar Jamal,Qaisar Jamal,PTI,PTI,,,PTI,0,1,4,0,4,2,2;3,1,14,0,
Mujahid Ali,Mujahid Ali,PTI,,PTI,,PTI,0,1,4,0,4,2,2;3,1,15,0,
Imran Zafar Leghari,Imran Zafar Leghari,PPPP,PPPP,,,PPPP,0,1,4,0,4,2,2;3,1,14,1,"Law, Justice and Human Rights"
Khawaja Sohail Mansoor,Khawaja Sohail Mansoor,MQM,MQM,,,MQM,0,1,4,0,4,3,1;3;5,1,14,2,"Interior and Narcotics Control;Law, Justice and Human Rights"
Shakila Luqman,Shakila Luqman,PML-N,PML-N,,,PML-N,0,1,4,0,4,2,3;4,1,14,0,
Sardar Akhter Jan Mengal,Sardar Akhter Jan Mengal,BNP-M,,BNP-M,,BNP-M,0,1,4,0,4,2,2;3,1,15,0,
Nafisa Shah,Nafisa Shah,PPPP,,,PPPP,PPPP,0,1,4,0,4,1,1,1,16,0,
Dr. Darshan,Dr. Darshan,PML-N,PML-N,PML-N,,PML-N,0,1,4,0,4,1,1,2,14;15,1,"Law, Justice and Human Rights"
Nasir Khan Khattak,Nasir Khan Khattak,PTI,PTI,,,PTI,0,1,4,0,4,3,2;3;4,1,14,0,
Shah Jee Gul Afridi,Shah Jee Gul Afridi,IND,IND,,,IND,0,1,4,0,4,2,3;4,1,14,0,
Muhammad Akram,Muhammad Akram,PTI,,PTI,,PTI,0,1,4,0,4,1,2,1,15,0,
Phyllis Azeem,Phyllis Azeem,PML-N,PML-N,,,PML-N,0,1,4,0,4,2,1;4,1,14,1,"Law, Justice and Human Rights"
Kesoo Mal Kheal Das,Kesoo Mal Kheal Das,PML-N,,,PML-N,PML-N,0,1,4,0,4,1,1,1,16,0,
Shehryar Afridi,Shehryar Afridi,PTI,PTI,,,PTI,0,1,4,0,4,2,2;4,1,14,0,
Syed Sajid Mehdi,Syed Sajid Mehdi,PML-N,,PML-N,,PML-N,0,1,4,0,4,2,1;4,1,15,1,"National Health Services, Regulations and Coordination"
Raja Riaz Ahmad,Raja Riaz Ahmad,PTI,,PTI,,PTI,0,1,4,0,4,1,2,1,15,0,
Ghulam Muhammad Lali,Ghulam Muhammad Lali,PTI,,PTI,,PTI,0,1,4,0,4,1,5,1,15,0,
Malik Nawab Sher Waseer,Malik Nawab Sher Waseer,PTI,,PTI,,PTI,0,1,4,0,4,2,1;5,1,15,0,
Danyal Chaudhry,Danyal Chaudhry,PML-N,,,PML-N,PML-N,0,1,4,0,4,1,1,1,16,0,
Sikandar Hayat Khan Bosan,Sikandar Hayat Khan Bosan,PML-N,PML-N,,,PML-N,0,1,4,4,0,2,2;4,1,14,1,National Food Security and Research
Abdul Aleem Khan,Abdul Aleem Khan,IPP,,,IPP,IPP,0,1,3,3,0,1,1,1,16,0,
Anjum Aqeel Khan,Anjum Aqeel Khan,PML-N,,,PML-N,PML-N,0,1,3,0,3,1,1,1,16,0,
Syed Shibli Faraz,Syed Shibli Faraz,PTI,,PTI,,PTI,0,1,3,3,0,1,4,1,15,0,
Usama Ahmed Mela,Usama Ahmed Mela,SIC,,,SIC,SIC,0,1,3,0,3,1,1,1,16,0,
Khalida Mansoor,Khalida Mansoor,PML-N,PML-N,,,PML-N,0,1,3,0,3,1,2,1,14,1,Cabinet Secretariat
Shakila Khalid Chaudhary,Shakila Khalid Chaudhary,PML-N,,PML-N,,PML-N,0,1,3,0,3,2,4;5,1,15,0,
Sehar Kamran,Sehar Kamran,PPPP,,,PPPP,PPPP,0,1,3,0,3,1,1,1,16,0,
Muhammad Ibrahim Khan,Muhammad Ibrahim Khan,PTI,,PTI,,PTI,0,1,3,0,3,3,1;2;3,1,15,0,
Afreen Khan,Afreen Khan,MMA,,MMA,,MMA,0,1,3,0,3,1,1,1,15,0,
Lal Chand Malhi,Lal Chand Malhi,PTI,PTI,,,PTI,0,1,3,0,3,2,1;3,1,14,2,"Interior and Narcotics Control;Law, Justice and Human Rights"
Muhammad Mobeen Arif,Muhammad Mobeen Arif,SIC,,,SIC,SIC,0,1,3,0,3,1,1,1,16,0,
Usman Khan Tarrakai,Usman Khan Tarrakai,PTI,,PTI,,PTI,0,1,3,0,3,2,2;3,1,15,0,
Ahmad Hussain,Ahmad Hussain,PTI,,PTI,,PTI,0,1,3,0,3,1,5,1,15,0,
Jamshed Thomas,Jamshed Thomas,PTI,,PTI,,PTI,0,1,3,0,3,3,1;2;3,1,15,0,
Nighat Parveen,Nighat Parveen,PML-N,PML-N,,,PML-N,0,1,3,0,3,2,1;5,1,14,1,Religious Affairs and Inter-faith Harmony
Qari Muhammad Yousaf,Qari Muhammad Yousaf,JUI,JUI,,,JUI,0,1,3,0,3,3,1;3;5,1,14,1,"Law, Justice and Human Rights"
Bilawal Bhutto Zardari,Bilawal Bhutto Zardari,PPPP,,PPPP,,PPPP,0,1,3,3,0,2,4;5,1,15,0,
Mehmood Khan Achakzai,Mehmood Khan Achakzai,PKMAP,PKMAP,,,PKMAP,0,1,3,0,3,1,2,1,14,1,"Law, Justice and Human Rights"
Syed Qazim Ali Shah,Syed Qazim Ali Shah,PML-F,PML-F,,,PML-F,0,1,3,0,3,1,2,1,14,1,"Law, Justice and Human Rights"
Syed Imran Ahmad Shah,Syed Imran Ahmad Shah,PML-N,,PML-N,,PML-N,0,1,3,0,3,1,5,1,15,0,
Leila Khan,Leila Khan,PML-N,PML-N,,,PML-N,0,1,3,0,3,1,1,1,14,2,Cabinet Secretariat;Interior and Narcotics Control
Muhammad Ali Rashid,Muhammad Ali Rashid,MQM,MQM,,,MQM,0,1,3,0,3,1,5,1,14,0,
Munawara Bibi Baloch,Munawara Bibi Baloch,PTI,,PTI,,PTI,0,1,3,0,3,1,1,1,15,0,
Tariq Fazal Chaudhry,Tariq Fazal Chaudhry,PML-N,,,PML-N,PML-N,0,1,3,0,3,1,1,1,16,0,
Abdul Shakoor Shad,Abdul Shakoor Shad,PTI,,PTI,,PTI,0,1,3,3,0,1,2,1,15,0,
Maiza Hameed,Maiza Hameed,PML-N,PML-N,,,PML-N,0,1,3,0,3,1,2,1,14,1,Interior and Narcotics Control
Aslam Bodla,Aslam Bodla,PML-N,PML-N,,,PML-N,0,1,3,0,3,1,5,1,14,0,
Zahira Wadood Fatemi,Zahira Wadood Fatemi,PML-N,,,PML-N,PML-N,0,1,3,0,3,1,1,1,16,0,
Mian Abdul Manan,Mian Abdul Manan,PML-N,PML-N,,,PML-N,0,1,3,0,3,1,2,1,14,1,Interior and Narcotics Control
Prince Muhammad Nawaz Allai,Prince Muhammad Nawaz Allai,PTI,,PTI,,PTI,0,1,3,0,3,1,1,1,15,0,
Dr. Hafeez Ur Rehman Khan,Dr. Hafeez Ur Rehman Khan,PML-N,PML-N,,,PML-N,0,1,3,0,3,1,5,1,14,0,
Javairia Zafar,Javairia Zafar,PTI,,PTI,,PTI,0,1,3,1,2,2,2;5,1,15,0,
Nuzhat Pathan,Nuzhat Pathan,PTI,,PTI,,PTI,0,1,3,0,3,1,2,1,15,0,
Ch. Armaghan Subhani,Ch. Armaghan Subhani,PML-N,,PML-N,,PML-N,0,1,3,0,3,1,5,1,15,0,
Aqibullah,Aqibullah,PTI,PTI,,,PTI,0,1,3,0,3,1,2,1,14,0,
Maulvi Asmatullah,Maulvi Asmatullah,MMA,,MMA,,MMA,0,1,3,0,3,3,1;2;3,1,15,0,
Usman Ibrahim,Usman Ibrahim,PML-N,PML-N,,,PML-N,0,1,2,2,0,2,3;5,1,14,0,
Makhdoom Syed Sami-ul-Hassan Gillani,Makhdoom Syed Sami-ul-Hassan Gillani,PTI,,PTI,,PTI,0,1,2,0,2,1,1,1,15,0,
Mian Riaz Hussain Pirzada,Mian Riaz Hussain Pirzada,PML-N,,,PML-N,PML-N,0,1,2,2,0,1,1,1,16,0,
Dr. Tariq Fazal Ch.,Dr. Tariq Fazal Ch.,PML-N,PML-N,,,PML-N,0,1,2,2,0,1,5,1,14,0,
Abid Sher Ali,Abid Sher Ali,PML-N,PML-N,,,PML-N,0,1,2,2,0,1,5,1,14,0,
Muhammad Alamgir Khan,Muhammad Alamgir Khan,PTI,,PTI,,PTI,0,1,2,0,2,2,2;3,1,15,0,
Tariq Christopher Qaiser,Tariq Christopher Qaiser,PML-N,PML-N,,,PML-N,0,1,2,0,2,2,1;5,1,14,1,"Law, Justice and Human Rights"
Hamid Ul Haq,Hamid Ul Haq,PTI,PTI,,,PTI,0,1,2,0,2,1,3,1,14,0,
Ibadullah,Ibadullah,PML-N,PML-N,,,PML-N,0,1,2,0,2,2,1;3,1,14,2,"Law and Justice;Law, Justice and Human Rights"
Gul Zafar Khan,Gul Zafar Khan,PTI,,PTI,,PTI,0,1,2,0,2,2,1;3,1,15,0,
Gul Dad Khan,Gul Dad Khan,PTI,,PTI,,PTI,0,1,2,0,2,2,1;3,1,15,0,
Raja Osama Sarwar,Raja Osama Sarwar,PML-N,,,PML-N,PML-N,0,1,2,0,2,1,1,1,16,0,
Ch. Muhammad Hamid Hameed,Ch. Muhammad Hamid Hameed,PML-N,PML-N,PML-N,,PML-N,0,1,2,0,2,2,1;4,2,14;15,1,Religious Affairs and Inter-faith Harmony
Nelson Azeem,Nelson Azeem,PML-N,,,PML-N,PML-N,0,1,2,0,2,1,1,1,16,0,
Ahad Khan Cheema,Ahad Khan Cheema,PMLN,,,PMLN,PMLN,0,1,2,2,0,1,1,1,16,0,
Ch. Asad Ur Rehman,Ch. Asad Ur Rehman,PML-N,PML-N,,,PML-N,0,1,2,0,2,1,4,1,14,0,
Malik Abdul Ghaffar Dogar,Malik Abdul Ghaffar Dogar,PML-N,PML-N,,,PML-N,0,1,2,0,2,1,4,1,14,0,
Bilal Rehman,Bilal Rehman,IND,IND,,,IND,0,1,2,0,2,1,4,1,14,0,
Abdul Kareem,Abdul Kareem,PML-N,PML-N,,,PML-N,0,1,2,0,2,1,4,1,14,0,
Syeda Nosheen Iftikhar,Syeda Nosheen Iftikhar,PML-N,,,PML-N,PML-N,0,1,2,0,2,1,1,1,16,0,
Reeta Ishwar,Reeta Ishwar,PML-F,PML-F,,,PML-F,0,1,2,0,2,1,1,1,14,1,"Law, Justice and Human Rights"
Pir Syed Saddaruddin Shah Rashdi,Pir Syed Saddaruddin Shah Rashdi,PML-F,PML-F,,,PML-F,0,1,2,2,0,2,2;3,1,14,0,
Syed Amin-ul-Haque,Syed Amin-ul-Haque,MQM,,,MQM,MQM,0,1,2,0,2,1,1,1,16,0,
Qamar Ud Din,Qamar Ud Din,JUI,JUI,,,JUI,0,1,2,0,2,2,3;5,1,14,1,"Law, Justice and Human Rights"
Ms Shagufta Jumani,Ms Shagufta Jumani,PPPP,,PPPP,,PPPP,0,1,2,0,2,1,5,1,15,0,
Syed Ghulam Mustafa Shah,Syed Ghulam Mustafa Shah,PPPP,,PPPP,,PPPP,0,1,2,0,2,1,5,1,15,0,
Mir Ghulam Ali Talpur,Mir Ghulam Ali Talpur,PPPP,,PPPP,,PPPP,0,1,2,0,2,1,5,1,15,0,
Khurshed Ahmed Junejo,Khurshed Ahmed Junejo,PPPP,,PPPP,,PPPP,0,1,2,0,2,1,5,1,15,0,
Mahreen Razzaq Bhutto,Mahreen Razzaq Bhutto,PPPP,,,PPPP,PPPP,0,1,2,0,2,1,1,1,16,0,
Shahzada Muhammad Gushtasap Khan,Shahzada Muhammad Gushtasap Khan,SIC,,,SIC,SIC,0,1,2,0,2,1,1,1,16,0,
Asad Qaiser,Asad Qaiser,SIC,,,SIC,SIC,0,1,2,0,2,1,1,1,16,0,
Muhammad Sajjad,Muhammad Sajjad,PML-N,,PML-N,,PML-N,0,1,2,0,2,1,1,1,15,0,
Changaze Ahmed Khan,Changaze Ahmed Khan,SIC,,,SIC,SIC,0,1,2,0,2,1,1,1,16,0,
Aliya Kamran,Aliya Kamran,JUIP,,,JUIP,JUIP,0,1,2,0,2,1,1,1,16,0,
Sana Ullah Khan Mastikhel,Sana Ullah Khan Mastikhel,SIC,,,SIC,SIC,0,1,2,0,2,1,1,1,16,0,
Munir Khan Orakzai,Munir Khan Orakzai,MMA,,MMA,,MMA,0,1,2,0,2,1,1,1,15,0,
Mahesh Kumar Malani,Mahesh Kumar Malani,PPPP,,PPPP,,PPPP,0,1,2,0,2,1,1,1,15,0,
Sajid Khan,Sajid Khan,PTI,,PTI,,PTI,0,1,2,0,2,2,1;2,1,15,0,
Bismillah Khan,Bismillah Khan,IND,IND,,,IND,0,1,2,0,2,1,3,1,14,0,
Ehsanullah Reki,Ehsanullah Reki,BAP,,BAP,,BAP,0,1,2,1,1,2,4;5,1,15,0,
Ihsan ul Haq Bajwa,Ihsan ul Haq Bajwa,PML-N,,PML-N,,PML-N,0,1,2,0,2,1,5,1,15,0,
Tahira Asif,Tahira Asif,MQM,MQM,,,MQM,0,1,2,0,2,1,1,1,14,1,Interior and Narcotics Control
Nawabzada Shah Zain Bugti,Nawabzada Shah Zain Bugti,JWP,,JWP,,JWP,0,1,2,2,0,1,4,1,15,1,Committee Name
Chaudhry Riaz-ul-Haq,Chaudhry Riaz-ul-Haq,PML-N,,PML-N,,PML-N,0,1,2,0,2,1,5,1,15,0,
Syed Ali Musa Gilani,Syed Ali Musa Gilani,PPPP,,PPPP,,PPPP,0,1,2,0,2,1,5,1,15,0,
Mrs. Musarat Rafique Mahesar,Mrs. Musarat Rafique Mahesar,PPPP,,PPPP,,PPPP,0,1,2,0,2,1,5,1,15,0,
Syed Ayaz Ali Shah Sheerazi,Syed Ayaz Ali Shah Sheerazi,PML-N,PML-N,,,PML-N,0,1,2,0,2,1,5,1,14,0,
Salman Hanif,Salman Hanif,PML-N,PML-N,,,PML-N,0,1,1,0,1,1,1,1,14,1,Interior and Narcotics Control
Iffat Liaqat,Iffat Liaqat,PML-N,PML-N,,,PML-N,0,1,1,0,1,1,1,1,14,1,Interior and Narcotics Control
Nuzhat Sadiq,Nuzhat Sadiq,PML-N,,,PML-N,PML-N,0,1,1,0,1,1,1,1,16,0,
Malik Shakir Bashir Awan,Malik Shakir Bashir Awan,PML-N,PML-N,,,PML-N,0,1,1,0,1,1,1,1,14,1,Religious Affairs and Inter-faith Harmony
Abdul Majeed Khan Khanan Khel,Abdul Majeed Khan Khanan Khel,PML-N,PML-N,,,PML-N,0,1,1,0,1,1,1,1,14,1,Religious Affairs and Inter-faith Harmony
Rana Afzaal Hussain,Rana Afzaal Hussain,PML-N,PML-N,,,PML-N,0,1,1,0,1,1,1,1,14,0,
Shahid Ahmad,Shahid Ahmad,PTI,,PTI,,PTI,0,1,1,0,1,1,2,1,15,0,
Farooq Hamid Naek,Farooq Hamid Naek,PPPP,PPPP,,,PPPP,0,1,1,0,1,1,1,1,14,0,
Musarrat Rafique Mahesar,Musarrat Rafique Mahesar,PPPP,,,PPPP,PPPP,0,1,1,0,1,1,1,1,16,0,
Muhammad Hanif Abbasi,Muhammad Hanif Abbasi,PML-N,,,PML-N,PML-N,0,1,1,0,1,1,1,1,16,0,
Amra Khan,Amra Khan,PML-N,PML-N,,,PML-N,0,1,1,0,1,1,4,1,14,0,
Aftab Ahmad Khan Sherpao,Aftab Ahmad Khan Sherpao,QWP,QWP,,,QWP,0,1,1,0,1,1,4,1,14,0,
Samina Khalid Ghurki,Samina Khalid Ghurki,PPPP,,,PPPP,PPPP,0,1,1,0,1,1,1,1,16,0,
Ihsan Ur Rahman Mazari,Ihsan Ur Rahman Mazari,PPPP,,PPPP,,PPPP,0,1,1,1,0,1,5,1,15,0,
Ahmed Raza Maneka,Ahmed Raza Maneka,PML-N,,,PML-N,PML-N,0,1,1,1,0,1,1,1,16,0,
Ali Pervaiz,Ali Pervaiz,PML-N,,,PML-N,PML-N,0,1,1,1,0,1,1,1,16,0,
Engineer Mohammad Usman Badaini,Engineer Mohammad Usman Badaini,IND,IND,,,IND,0,1,1,0,1,1,5,1,14,0,
Mir Aijaz Hussain Jakhrani,Mir Aijaz Hussain Jakhrani,PPPP,PPPP,,,PPPP,0,1,1,0,1,1,2,1,14,0,
Muhammad Ayub,Muhammad Ayub,PTI,,PTI,,PTI,0,1,1,1,0,1,4,1,15,0,
Muhammad Abubakar,Muhammad Abubakar,MQMP,,MQMP,,MQMP,0,1,1,0,1,1,5,1,15,0,
Kamal Uddin,Kamal Uddin,MMA,,MMA,,MMA,0,1,1,0,1,1,1,1,15,0,
Chaudhry Salik Hussain,Chaudhry Salik Hussain,PML,,,PML,PML,0,1,1,1,0,1,1,1,16,0,
Naz Baloch,Naz Baloch,PPPP,,PPPP,,PPPP,0,1,1,0,1,1,4,1,15,0,
Dr. Amjad Ali Khan,Dr. Amjad Ali Khan,SIC,,,SIC,SIC,0,1,1,0,1,1,1,1,16,0,
Muhammad Javed Hanif Khan,Muhammad Javed Hanif Khan,MQM,,,MQM,MQM,0,1,1,0,1,1,1,1,16,0,
Syed Mustafa Kamal,Syed Mustafa Kamal,MQM,,,MQM,MQM,0,1,1,0,1,1,1,1,16,0,
Syed Hafeezuddin,Syed Hafeezuddin,MQM,,,MQM,MQM,0,1,1,0,1,1,1,1,16,0,
Shafqat Abbas,Shafqat Abbas,SIC,,,SIC,SIC,0,1,1,0,1,1,1,1,16,0,
Sajid Nawaz,Sajid Nawaz,PTI,PTI,,,PTI,0,1,1,0,1,1,4,1,14,0,
Sherry Rehman,Sherry Rehman,PPPP,,PPPP,,PPPP,0,1,1,1,0,1,5,1,15,0,
Sardar Riaz Mehmood Khan Mazari,Sardar Riaz Mehmood Khan Mazari,PTI,,PTI,,PTI,0,1,1,0,1,1,3,1,15,0,
Dr. Muhammad Azhar Khan Jadoon,Dr. Muhammad Azhar Khan Jadoon,PTI,PTI,,,PTI,0,1,1,0,1,1,1,1,14,1,Interior and Narcotics Control
Ali Amin Khan,Ali Amin Khan,PTI,,PTI,,PTI,0,1,1,1,0,1,3,1,15,0,
Zahoor Hussain Qureshi,Zahoor Hussain Qureshi,PTI,,PTI,,PTI,0,1,1,0,1,1,1,1,15,0,
Sardar Nasrullah Khan Drishak,Sardar Nasrullah Khan Drishak,PTI,,PTI,,PTI,0,1,1,0,1,1,1,1,15,0,
Abdul Rehman Khan Kanju,Abdul Rehman Khan Kanju,PML-N,,PML-N,,PML-N,0,1,1,0,1,1,1,1,15,0,
Khalil George,Khalil George,PML-N,PML-N,,,PML-N,0,1,1,0,1,1,1,1,14,1,"Law, Justice and Human Rights"
Muhammad Ijaz Ahmed Ch.,Muhammad Ijaz Ahmed Ch.,PML-N,PML-N,,,PML-N,0,1,1,0,1,1,2,1,14,0,
Makhdoom Syed Ali Hassan Gillani,Makhdoom Syed Ali Hassan Gillani,PML-N,PML-N,,,PML-N,0,1,1,0,1,1,1,1,14,1,"Law, Justice and Human Rights"
Dr. Nisar Ahmad,Dr. Nisar Ahmad,PML-N,PML-N,,,PML-N,0,1,1,0,1,1,1,1,14,0,
Sardar Kamal Khan Bangulzai,Sardar Kamal Khan Bangulzai,NP,NP,,,NP,0,1,1,0,1,1,1,1,14,1,"Law, Justice and Human Rights"
Nasiba Channa,Nasiba Channa,PPPP,,PPPP,,PPPP,0,1,1,0,1,1,1,1,15,0,
Dawar Khan Kundi,Dawar Khan Kundi,PTI,PTI,,,PTI,0,1,1,0,1,1,3,1,14,0,
Khwaja Ghulam Rasool Koreja,Khwaja Ghulam Rasool Koreja,PPPP,PPPP,,,PPPP,0,1,1,0,1,1,1,1,14,1,Cabinet Secretariat
Asghar Ali Shah,Asghar Ali Shah,PPPP,PPPP,,,PPPP,0,1,1,0,1,1,1,1,14,1,Cabinet Secretariat
Syed Abrar Ali Shah,Syed Abrar Ali Shah,PPPP,,,PPPP,PPPP,0,1,1,0,1,1,1,1,16,0,
Mirza Ikhtiar Baig,Mirza Ikhtiar Baig,PPPP,,,PPPP,PPPP,0,1,1,0,1,1,1,1,16,0,
Shazia Sobia Aslam Soomro,Shazia Sobia Aslam Soomro,PPPP,,,PPPP,PPPP,0,1,1,0,1,1,1,1,16,0,
Syed Ali Qasim Gillani,Syed Ali Qasim Gillani,PPPP,,,PPPP,PPPP,0,1,1,0,1,1,1,1,16,0,
Zulfiqar Ali Khan,Zulfiqar Ali Khan,PTI,,PTI,,PTI,0,1,1,0,1,1,3,1,15,0,
Aurangzeb Khan,Aurangzeb Khan,IND,,,IND,IND,0,1,1,1,0,1,1,1,16,0,
Ch. Iftikhar Nazir,Ch. Iftikhar Nazir,PML-N,,PML-N,,PML-N,0,1,1,0,1,1,1,1,15,0,
Haji Imtiaz Ahmed Choudhary,Haji Imtiaz Ahmed Choudhary,PTI,,PTI,,PTI,0,1,1,0,1,1,1,1,15,0,
Malik Karamat Ali,Malik Karamat Ali,PTI,,PTI,,PTI,0,1,1,0,1,1,1,1,15,0,
Nawabzada Iftikhar Ahmed Khan Babar,Nawabzada Iftikhar Ahmed Khan Babar,PPPP,,,PPPP,PPPP,0,1,1,0,1,1,1,1,16,0,
Rana Shamim Ahmed Khan,Rana Shamim Ahmed Khan,PML-N,,PML-N,,PML-N,0,1,1,0,1,1,5,1,15,0,
Mohammad Riaz Khan,Mohammad Riaz Khan,SIC,,,SIC,SIC,0,1,1,0,1,1,1,1,16,0,
Khawaja Izhar-ul-Hassan,Khawaja Izhar-ul-Hassan,MQM,,,MQM,MQM,0,1,1,0,1,1,1,1,16,0,
Rahat Aman Ullah Bhatti,Rahat Aman Ullah Bhatti,PTI,,PTI,,PTI,0,1,1,0,1,1,2,1,15,0,
Shaheen Naz Saifullah,Shaheen Naz Saifullah,PTI,,PTI,,PTI,0,1,1,0,1,1,2,1,15,0,
Zulfiqar Ahmad,Zulfiqar Ahmad,PML-N,,PML-N,,PML-N,0,1,1,0,1,1,5,1,15,0,
Nisar Ahmad Cheema,Nisar Ahmad Cheema,PML-N,,PML-N,,PML-N,0,1,1,0,1,1,5,1,15,0,
Ch. Abid Raza,Ch. Abid Raza,PML-N,,PML-N,,PML-N,0,1,1,0,1,1,5,1,15,0,
Mir Dostain Khan Domki,Mir Dostain Khan Domki,PML-N,PML-N,,,PML-N,0,1,1,1,0,1,5,1,14,0,
Zulfiqar Ali Bhatti,Zulfiqar Ali Bhatti,PML-N,,,PML-N,PML-N,0,1,1,0,1,1,1,1,16,0,
